{"nm":"Artboard – 3","ddd":0,"h":580,"w":580,"meta":{"g":"LottieFiles AE 1.1.0"},"layers":[{"ty":0,"nm":"Pre-comp 1","sr":1,"st":0,"op":3600,"ip":0,"hd":false,"ddd":0,"bm":0,"hasMask":false,"ao":0,"ks":{"a":{"a":0,"k":[290,290,0],"ix":1},"s":{"a":0,"k":[100,100,100],"ix":6},"sk":{"a":0,"k":0},"p":{"a":0,"k":[290,290,0],"ix":2},"r":{"a":1,"k":[{"o":{"x":0.333,"y":0},"i":{"x":0.667,"y":1},"s":[0],"t":19},{"s":[360],"t":99}],"ix":10},"sa":{"a":0,"k":0},"o":{"a":0,"k":100,"ix":11}},"ef":[],"w":580,"h":580,"refId":"comp_0","ind":1},{"ty":4,"nm":"Polygon 3","sr":1,"st":0,"op":3600,"ip":0,"hd":false,"ddd":0,"bm":0,"hasMask":false,"ao":0,"ks":{"a":{"a":0,"k":[81,81,0],"ix":1},"s":{"a":1,"k":[{"o":{"x":0.167,"y":0},"i":{"x":0.667,"y":1},"s":[100,100,100],"t":-84},{"o":{"x":0.333,"y":0},"i":{"x":0.667,"y":1},"s":[100,100,100],"t":0},{"o":{"x":0.333,"y":0},"i":{"x":0.667,"y":1},"s":[130,130,100],"t":61},{"s":[100,100,100],"t":120}],"ix":6},"sk":{"a":0,"k":0},"p":{"a":0,"k":[290,290,0],"ix":2},"r":{"a":1,"k":[{"o":{"x":0.167,"y":0.167},"i":{"x":0.833,"y":0.833},"s":[0],"t":0},{"s":[360],"t":121}],"ix":10},"sa":{"a":0,"k":0},"o":{"a":0,"k":100,"ix":11}},"ef":[],"shapes":[{"ty":"gr","bm":0,"hd":false,"mn":"ADBE Vector Group","nm":"Polygon 3 Stroke","ix":1,"cix":2,"np":3,"it":[{"ty":"sh","bm":0,"hd":false,"mn":"ADBE Vector Shape - Group","nm":"Path 1","ix":1,"d":1,"ks":{"a":0,"k":{"c":true,"i":[[-1.842,3.903],[-4.689,-9.936],[0,0],[-4.265,-0.661],[0,0],[7.355,-7.571],[0,0],[-0.653,-4.055],[0,0],[9.487,5.217],[0,0],[3.901,-2.145],[0,0],[-1.721,10.689],[0,0],[2.862,2.946],[0,0],[-10.431,1.617],[0,0],[-1.842,3.903]],"o":[[4.689,-9.936],[0,0],[1.842,3.903],[0,0],[10.431,1.617],[0,0],[-2.862,2.946],[0,0],[1.721,10.689],[0,0],[-3.901,-2.145],[0,0],[-9.487,5.217],[0,0],[0.653,-4.055],[0,0],[-7.355,-7.571],[0,0],[4.265,-0.661],[0,0]],"v":[[69.243,24.914],[92.757,24.914],[103.165,46.971],[112.93,54.269],[137.132,58.022],[144.464,79.928],[126.177,98.75],[122.667,109.876],[126.827,135.71],[107.728,149.168],[87.264,137.915],[74.736,137.915],[54.272,149.168],[35.173,135.71],[39.333,109.876],[35.823,98.75],[17.536,79.928],[24.868,58.022],[49.07,54.269],[58.835,46.971]]},"ix":2}},{"ty":"op","bm":0,"hd":false,"mn":"ADBE Vector Filter - Offset","nm":"Offset Paths 1","ix":3,"a":{"a":0,"k":-0.5,"ix":1},"lj":1,"ml":{"a":0,"k":4,"ix":3}},{"ty":"tr","a":{"a":0,"k":[0,0],"ix":1},"s":{"a":0,"k":[100,100],"ix":3},"sk":{"a":0,"k":0,"ix":4},"p":{"a":0,"k":[0,0],"ix":2},"r":{"a":0,"k":0,"ix":6},"sa":{"a":0,"k":0,"ix":5},"o":{"a":0,"k":100,"ix":7}}]},{"ty":"gr","bm":0,"hd":false,"mn":"ADBE Vector Group","nm":"Polygon 3 Fill","ix":2,"cix":2,"np":2,"it":[{"ty":"sh","bm":0,"hd":false,"mn":"ADBE Vector Shape - Group","nm":"Path 1","ix":1,"d":1,"ks":{"a":0,"k":{"c":true,"i":[[-1.842,3.903],[-4.689,-9.936],[0,0],[-4.265,-0.661],[0,0],[7.355,-7.571],[0,0],[-0.653,-4.055],[0,0],[9.487,5.217],[0,0],[3.901,-2.145],[0,0],[-1.721,10.689],[0,0],[2.862,2.946],[0,0],[-10.431,1.617],[0,0],[-1.842,3.903]],"o":[[4.689,-9.936],[0,0],[1.842,3.903],[0,0],[10.431,1.617],[0,0],[-2.862,2.946],[0,0],[1.721,10.689],[0,0],[-3.901,-2.145],[0,0],[-9.487,5.217],[0,0],[0.653,-4.055],[0,0],[-7.355,-7.571],[0,0],[4.265,-0.661],[0,0]],"v":[[69.243,24.914],[92.757,24.914],[103.165,46.971],[112.93,54.269],[137.132,58.022],[144.464,79.928],[126.177,98.75],[122.667,109.876],[126.827,135.71],[107.728,149.168],[87.264,137.915],[74.736,137.915],[54.272,149.168],[35.173,135.71],[39.333,109.876],[35.823,98.75],[17.536,79.928],[24.868,58.022],[49.07,54.269],[58.835,46.971]]},"ix":2}},{"ty":"fl","bm":0,"hd":false,"mn":"ADBE Vector Graphic - Fill","nm":"Fill 1","c":{"a":0,"k":[0.1647,0.2157,0.3843],"ix":4},"r":1,"o":{"a":0,"k":100,"ix":5}},{"ty":"tr","a":{"a":0,"k":[0,0],"ix":1},"s":{"a":0,"k":[100,100],"ix":3},"sk":{"a":0,"k":0,"ix":4},"p":{"a":0,"k":[0,0],"ix":2},"r":{"a":0,"k":0,"ix":6},"sa":{"a":0,"k":0,"ix":5},"o":{"a":0,"k":100,"ix":7}}]}],"ind":2}],"v":"4.8.0","fr":60,"op":121,"ip":0,"assets":[{"nm":"","id":"comp_0","layers":[{"ty":4,"nm":"Polygon 11","sr":1,"st":0,"op":3600,"ip":0,"hd":false,"ddd":0,"bm":0,"hasMask":false,"ao":0,"ks":{"a":{"a":0,"k":[40.669,40.669,0],"ix":1},"s":{"a":0,"k":[100,100,100],"ix":6},"sk":{"a":0,"k":0},"p":{"a":1,"k":[{"o":{"x":0.333,"y":0},"i":{"x":0.667,"y":1},"s":[289.551,298,0],"t":0,"ti":[22.292,-21.034,0],"to":[-22.292,21.034,0]},{"o":{"x":0.333,"y":0.333},"i":{"x":0.667,"y":0.667},"s":[155.801,424.206,0],"t":36,"ti":[0,0,0],"to":[0,0,0]},{"o":{"x":0.333,"y":0},"i":{"x":0.667,"y":1},"s":[155.801,424.206,0],"t":74,"ti":[-22.292,21.034,0],"to":[22.292,-21.034,0]},{"s":[289.551,298,0],"t":103}],"ix":2},"r":{"a":0,"k":-135,"ix":10},"sa":{"a":0,"k":0},"o":{"a":0,"k":100,"ix":11}},"ef":[],"shapes":[{"ty":"gr","bm":0,"hd":false,"mn":"ADBE Vector Group","nm":"Polygon 11 Stroke","ix":1,"cix":2,"np":3,"it":[{"ty":"sh","bm":0,"hd":false,"mn":"ADBE Vector Shape - Group","nm":"Path 1","ix":1,"d":1,"ks":{"a":0,"k":{"c":true,"i":[[-0.992,2.102],[-2.525,-5.35],[0,0],[-2.296,-0.356],[0,0],[3.961,-4.076],[0,0],[-0.352,-2.183],[0,0],[5.108,2.809],[0,0],[2.1,-1.155],[0,0],[-0.927,5.756],[0,0],[1.541,1.586],[0,0],[-5.617,0.871],[0,0],[-0.992,2.102]],"o":[[2.525,-5.35],[0,0],[0.992,2.102],[0,0],[5.617,0.871],[0,0],[-1.541,1.586],[0,0],[0.927,5.756],[0,0],[-2.1,-1.155],[0,0],[-5.108,2.809],[0,0],[0.352,-2.183],[0,0],[-3.961,-4.076],[0,0],[2.296,-0.356],[0,0]],"v":[[34.338,13.415],[46.999,13.415],[51.69,23.356],[56.948,27.286],[67.947,28.992],[71.895,40.787],[63.517,49.411],[61.627,55.401],[63.524,67.181],[53.24,74.428],[44.042,69.37],[37.296,69.37],[28.098,74.428],[17.814,67.181],[19.711,55.401],[17.821,49.411],[9.442,40.787],[13.39,28.992],[24.389,27.286],[29.647,23.356]]},"ix":2}},{"ty":"op","bm":0,"hd":false,"mn":"ADBE Vector Filter - Offset","nm":"Offset Paths 1","ix":3,"a":{"a":0,"k":-0.5,"ix":1},"lj":1,"ml":{"a":0,"k":4,"ix":3}},{"ty":"tr","a":{"a":0,"k":[0,0],"ix":1},"s":{"a":0,"k":[100,100],"ix":3},"sk":{"a":0,"k":0,"ix":4},"p":{"a":0,"k":[0,0],"ix":2},"r":{"a":0,"k":0,"ix":6},"sa":{"a":0,"k":0,"ix":5},"o":{"a":0,"k":100,"ix":7}}]},{"ty":"gr","bm":0,"hd":false,"mn":"ADBE Vector Group","nm":"Polygon 11 Fill","ix":2,"cix":2,"np":2,"it":[{"ty":"sh","bm":0,"hd":false,"mn":"ADBE Vector Shape - Group","nm":"Path 1","ix":1,"d":1,"ks":{"a":0,"k":{"c":true,"i":[[-0.992,2.102],[-2.525,-5.35],[0,0],[-2.296,-0.356],[0,0],[3.961,-4.076],[0,0],[-0.352,-2.183],[0,0],[5.108,2.809],[0,0],[2.1,-1.155],[0,0],[-0.927,5.756],[0,0],[1.541,1.586],[0,0],[-5.617,0.871],[0,0],[-0.992,2.102]],"o":[[2.525,-5.35],[0,0],[0.992,2.102],[0,0],[5.617,0.871],[0,0],[-1.541,1.586],[0,0],[0.927,5.756],[0,0],[-2.1,-1.155],[0,0],[-5.108,2.809],[0,0],[0.352,-2.183],[0,0],[-3.961,-4.076],[0,0],[2.296,-0.356],[0,0]],"v":[[34.338,13.415],[46.999,13.415],[51.69,23.356],[56.948,27.286],[67.947,28.992],[71.895,40.787],[63.517,49.411],[61.627,55.401],[63.524,67.181],[53.24,74.428],[44.042,69.37],[37.296,69.37],[28.098,74.428],[17.814,67.181],[19.711,55.401],[17.821,49.411],[9.442,40.787],[13.39,28.992],[24.389,27.286],[29.647,23.356]]},"ix":2}},{"ty":"fl","bm":0,"hd":false,"mn":"ADBE Vector Graphic - Fill","nm":"Fill 1","c":{"a":0,"k":[0.1647,0.2157,0.3843],"ix":4},"r":1,"o":{"a":0,"k":100,"ix":5}},{"ty":"tr","a":{"a":0,"k":[0,0],"ix":1},"s":{"a":0,"k":[100,100],"ix":3},"sk":{"a":0,"k":0,"ix":4},"p":{"a":0,"k":[0,0],"ix":2},"r":{"a":0,"k":0,"ix":6},"sa":{"a":0,"k":0,"ix":5},"o":{"a":0,"k":100,"ix":7}}]}],"ind":1},{"ty":4,"nm":"Polygon 10","sr":1,"st":0,"op":3600,"ip":0,"hd":false,"ddd":0,"bm":0,"hasMask":false,"ao":0,"ks":{"a":{"a":0,"k":[40.669,40.669,0],"ix":1},"s":{"a":0,"k":[100,100,100],"ix":6},"sk":{"a":0,"k":0},"p":{"a":1,"k":[{"o":{"x":0.333,"y":0},"i":{"x":0.667,"y":1},"s":[289.551,298,0],"t":0,"ti":[-22.441,23.701,0],"to":[22.441,-23.701,0]},{"o":{"x":0.333,"y":0.333},"i":{"x":0.667,"y":0.667},"s":[424.199,155.794,0],"t":36,"ti":[0,0,0],"to":[0,0,0]},{"o":{"x":0.333,"y":0},"i":{"x":0.667,"y":1},"s":[424.199,155.794,0],"t":74,"ti":[22.441,-23.701,0],"to":[-22.441,23.701,0]},{"s":[289.551,298,0],"t":103}],"ix":2},"r":{"a":0,"k":-315,"ix":10},"sa":{"a":0,"k":0},"o":{"a":0,"k":100,"ix":11}},"ef":[],"shapes":[{"ty":"gr","bm":0,"hd":false,"mn":"ADBE Vector Group","nm":"Polygon 10 Stroke","ix":1,"cix":2,"np":3,"it":[{"ty":"sh","bm":0,"hd":false,"mn":"ADBE Vector Shape - Group","nm":"Path 1","ix":1,"d":1,"ks":{"a":0,"k":{"c":true,"i":[[-0.992,2.102],[-2.525,-5.35],[0,0],[-2.296,-0.356],[0,0],[3.961,-4.076],[0,0],[-0.352,-2.183],[0,0],[5.108,2.809],[0,0],[2.1,-1.155],[0,0],[-0.927,5.756],[0,0],[1.541,1.586],[0,0],[-5.617,0.871],[0,0],[-0.992,2.102]],"o":[[2.525,-5.35],[0,0],[0.992,2.102],[0,0],[5.617,0.871],[0,0],[-1.541,1.586],[0,0],[0.927,5.756],[0,0],[-2.1,-1.155],[0,0],[-5.108,2.809],[0,0],[0.352,-2.183],[0,0],[-3.961,-4.076],[0,0],[2.296,-0.356],[0,0]],"v":[[34.338,13.415],[46.999,13.415],[51.69,23.356],[56.948,27.286],[67.947,28.992],[71.895,40.787],[63.517,49.411],[61.627,55.401],[63.524,67.181],[53.24,74.428],[44.042,69.37],[37.296,69.37],[28.098,74.428],[17.814,67.181],[19.711,55.401],[17.821,49.411],[9.442,40.787],[13.39,28.992],[24.389,27.286],[29.647,23.356]]},"ix":2}},{"ty":"op","bm":0,"hd":false,"mn":"ADBE Vector Filter - Offset","nm":"Offset Paths 1","ix":3,"a":{"a":0,"k":-0.5,"ix":1},"lj":1,"ml":{"a":0,"k":4,"ix":3}},{"ty":"tr","a":{"a":0,"k":[0,0],"ix":1},"s":{"a":0,"k":[100,100],"ix":3},"sk":{"a":0,"k":0,"ix":4},"p":{"a":0,"k":[0,0],"ix":2},"r":{"a":0,"k":0,"ix":6},"sa":{"a":0,"k":0,"ix":5},"o":{"a":0,"k":100,"ix":7}}]},{"ty":"gr","bm":0,"hd":false,"mn":"ADBE Vector Group","nm":"Polygon 10 Fill","ix":2,"cix":2,"np":2,"it":[{"ty":"sh","bm":0,"hd":false,"mn":"ADBE Vector Shape - Group","nm":"Path 1","ix":1,"d":1,"ks":{"a":0,"k":{"c":true,"i":[[-0.992,2.102],[-2.525,-5.35],[0,0],[-2.296,-0.356],[0,0],[3.961,-4.076],[0,0],[-0.352,-2.183],[0,0],[5.108,2.809],[0,0],[2.1,-1.155],[0,0],[-0.927,5.756],[0,0],[1.541,1.586],[0,0],[-5.617,0.871],[0,0],[-0.992,2.102]],"o":[[2.525,-5.35],[0,0],[0.992,2.102],[0,0],[5.617,0.871],[0,0],[-1.541,1.586],[0,0],[0.927,5.756],[0,0],[-2.1,-1.155],[0,0],[-5.108,2.809],[0,0],[0.352,-2.183],[0,0],[-3.961,-4.076],[0,0],[2.296,-0.356],[0,0]],"v":[[34.338,13.415],[46.999,13.415],[51.69,23.356],[56.948,27.286],[67.947,28.992],[71.895,40.787],[63.517,49.411],[61.627,55.401],[63.524,67.181],[53.24,74.428],[44.042,69.37],[37.296,69.37],[28.098,74.428],[17.814,67.181],[19.711,55.401],[17.821,49.411],[9.442,40.787],[13.39,28.992],[24.389,27.286],[29.647,23.356]]},"ix":2}},{"ty":"fl","bm":0,"hd":false,"mn":"ADBE Vector Graphic - Fill","nm":"Fill 1","c":{"a":0,"k":[0.1647,0.2157,0.3843],"ix":4},"r":1,"o":{"a":0,"k":100,"ix":5}},{"ty":"tr","a":{"a":0,"k":[0,0],"ix":1},"s":{"a":0,"k":[100,100],"ix":3},"sk":{"a":0,"k":0,"ix":4},"p":{"a":0,"k":[0,0],"ix":2},"r":{"a":0,"k":0,"ix":6},"sa":{"a":0,"k":0,"ix":5},"o":{"a":0,"k":100,"ix":7}}]}],"ind":2},{"ty":4,"nm":"Polygon 9","sr":1,"st":0,"op":3600,"ip":0,"hd":false,"ddd":0,"bm":0,"hasMask":false,"ao":0,"ks":{"a":{"a":0,"k":[40.669,40.669,0],"ix":1},"s":{"a":0,"k":[100,100,100],"ix":6},"sk":{"a":0,"k":0},"p":{"a":1,"k":[{"o":{"x":0.333,"y":0},"i":{"x":0.667,"y":1},"s":[289.551,298,0],"t":-2,"ti":[22.293,23.702,0],"to":[-22.293,-23.702,0]},{"o":{"x":0.333,"y":0.333},"i":{"x":0.667,"y":0.667},"s":[155.794,155.788,0],"t":36,"ti":[0,0,0],"to":[0,0,0]},{"o":{"x":0.333,"y":0},"i":{"x":0.833,"y":1},"s":[155.794,155.788,0],"t":74,"ti":[-22.293,-23.702,0],"to":[22.293,23.702,0]},{"s":[289.551,298,0],"t":103}],"ix":2},"r":{"a":0,"k":315,"ix":10},"sa":{"a":0,"k":0},"o":{"a":0,"k":100,"ix":11}},"ef":[],"shapes":[{"ty":"gr","bm":0,"hd":false,"mn":"ADBE Vector Group","nm":"Polygon 9 Stroke","ix":1,"cix":2,"np":3,"it":[{"ty":"sh","bm":0,"hd":false,"mn":"ADBE Vector Shape - Group","nm":"Path 1","ix":1,"d":1,"ks":{"a":0,"k":{"c":true,"i":[[-0.992,2.102],[-2.525,-5.35],[0,0],[-2.296,-0.356],[0,0],[3.961,-4.076],[0,0],[-0.352,-2.183],[0,0],[5.108,2.809],[0,0],[2.1,-1.155],[0,0],[-0.927,5.756],[0,0],[1.541,1.586],[0,0],[-5.617,0.871],[0,0],[-0.992,2.102]],"o":[[2.525,-5.35],[0,0],[0.992,2.102],[0,0],[5.617,0.871],[0,0],[-1.541,1.586],[0,0],[0.927,5.756],[0,0],[-2.1,-1.155],[0,0],[-5.108,2.809],[0,0],[0.352,-2.183],[0,0],[-3.961,-4.076],[0,0],[2.296,-0.356],[0,0]],"v":[[34.338,13.415],[46.999,13.415],[51.69,23.356],[56.948,27.286],[67.947,28.992],[71.895,40.787],[63.517,49.411],[61.627,55.401],[63.524,67.181],[53.24,74.428],[44.042,69.37],[37.296,69.37],[28.098,74.428],[17.814,67.181],[19.711,55.401],[17.821,49.411],[9.442,40.787],[13.39,28.992],[24.389,27.286],[29.647,23.356]]},"ix":2}},{"ty":"op","bm":0,"hd":false,"mn":"ADBE Vector Filter - Offset","nm":"Offset Paths 1","ix":3,"a":{"a":0,"k":-0.5,"ix":1},"lj":1,"ml":{"a":0,"k":4,"ix":3}},{"ty":"tr","a":{"a":0,"k":[0,0],"ix":1},"s":{"a":0,"k":[100,100],"ix":3},"sk":{"a":0,"k":0,"ix":4},"p":{"a":0,"k":[0,0],"ix":2},"r":{"a":0,"k":0,"ix":6},"sa":{"a":0,"k":0,"ix":5},"o":{"a":0,"k":100,"ix":7}}]},{"ty":"gr","bm":0,"hd":false,"mn":"ADBE Vector Group","nm":"Polygon 9 Fill","ix":2,"cix":2,"np":2,"it":[{"ty":"sh","bm":0,"hd":false,"mn":"ADBE Vector Shape - Group","nm":"Path 1","ix":1,"d":1,"ks":{"a":0,"k":{"c":true,"i":[[-0.992,2.102],[-2.525,-5.35],[0,0],[-2.296,-0.356],[0,0],[3.961,-4.076],[0,0],[-0.352,-2.183],[0,0],[5.108,2.809],[0,0],[2.1,-1.155],[0,0],[-0.927,5.756],[0,0],[1.541,1.586],[0,0],[-5.617,0.871],[0,0],[-0.992,2.102]],"o":[[2.525,-5.35],[0,0],[0.992,2.102],[0,0],[5.617,0.871],[0,0],[-1.541,1.586],[0,0],[0.927,5.756],[0,0],[-2.1,-1.155],[0,0],[-5.108,2.809],[0,0],[0.352,-2.183],[0,0],[-3.961,-4.076],[0,0],[2.296,-0.356],[0,0]],"v":[[34.338,13.415],[46.999,13.415],[51.69,23.356],[56.948,27.286],[67.947,28.992],[71.895,40.787],[63.517,49.411],[61.627,55.401],[63.524,67.181],[53.24,74.428],[44.042,69.37],[37.296,69.37],[28.098,74.428],[17.814,67.181],[19.711,55.401],[17.821,49.411],[9.442,40.787],[13.39,28.992],[24.389,27.286],[29.647,23.356]]},"ix":2}},{"ty":"fl","bm":0,"hd":false,"mn":"ADBE Vector Graphic - Fill","nm":"Fill 1","c":{"a":0,"k":[0.1647,0.2157,0.3843],"ix":4},"r":1,"o":{"a":0,"k":100,"ix":5}},{"ty":"tr","a":{"a":0,"k":[0,0],"ix":1},"s":{"a":0,"k":[100,100],"ix":3},"sk":{"a":0,"k":0,"ix":4},"p":{"a":0,"k":[0,0],"ix":2},"r":{"a":0,"k":0,"ix":6},"sa":{"a":0,"k":0,"ix":5},"o":{"a":0,"k":100,"ix":7}}]}],"ind":3},{"ty":4,"nm":"Polygon 8","sr":1,"st":0,"op":3600,"ip":0,"hd":false,"ddd":0,"bm":0,"hasMask":false,"ao":0,"ks":{"a":{"a":0,"k":[40.669,40.669,0],"ix":1},"s":{"a":0,"k":[100,100,100],"ix":6},"sk":{"a":0,"k":0},"p":{"a":1,"k":[{"o":{"x":0.333,"y":0},"i":{"x":0.667,"y":1},"s":[289.551,298,0],"t":-2,"ti":[-22.442,-21.035,0],"to":[22.442,21.035,0]},{"o":{"x":0.333,"y":0.333},"i":{"x":0.667,"y":0.667},"s":[424.206,424.212,0],"t":36,"ti":[0,0,0],"to":[0,0,0]},{"o":{"x":0.333,"y":0},"i":{"x":0.833,"y":1},"s":[424.206,424.212,0],"t":74,"ti":[22.442,21.035,0],"to":[-22.442,-21.035,0]},{"s":[289.551,298,0],"t":103}],"ix":2},"r":{"a":0,"k":135,"ix":10},"sa":{"a":0,"k":0},"o":{"a":0,"k":100,"ix":11}},"ef":[],"shapes":[{"ty":"gr","bm":0,"hd":false,"mn":"ADBE Vector Group","nm":"Polygon 8 Stroke","ix":1,"cix":2,"np":3,"it":[{"ty":"sh","bm":0,"hd":false,"mn":"ADBE Vector Shape - Group","nm":"Path 1","ix":1,"d":1,"ks":{"a":0,"k":{"c":true,"i":[[-0.992,2.102],[-2.525,-5.35],[0,0],[-2.296,-0.356],[0,0],[3.961,-4.076],[0,0],[-0.352,-2.183],[0,0],[5.108,2.809],[0,0],[2.1,-1.155],[0,0],[-0.927,5.756],[0,0],[1.541,1.586],[0,0],[-5.617,0.871],[0,0],[-0.992,2.102]],"o":[[2.525,-5.35],[0,0],[0.992,2.102],[0,0],[5.617,0.871],[0,0],[-1.541,1.586],[0,0],[0.927,5.756],[0,0],[-2.1,-1.155],[0,0],[-5.108,2.809],[0,0],[0.352,-2.183],[0,0],[-3.961,-4.076],[0,0],[2.296,-0.356],[0,0]],"v":[[34.338,13.415],[46.999,13.415],[51.69,23.356],[56.948,27.286],[67.947,28.992],[71.895,40.787],[63.517,49.411],[61.627,55.401],[63.524,67.181],[53.24,74.428],[44.042,69.37],[37.296,69.37],[28.098,74.428],[17.814,67.181],[19.711,55.401],[17.821,49.411],[9.442,40.787],[13.39,28.992],[24.389,27.286],[29.647,23.356]]},"ix":2}},{"ty":"op","bm":0,"hd":false,"mn":"ADBE Vector Filter - Offset","nm":"Offset Paths 1","ix":3,"a":{"a":0,"k":-0.5,"ix":1},"lj":1,"ml":{"a":0,"k":4,"ix":3}},{"ty":"tr","a":{"a":0,"k":[0,0],"ix":1},"s":{"a":0,"k":[100,100],"ix":3},"sk":{"a":0,"k":0,"ix":4},"p":{"a":0,"k":[0,0],"ix":2},"r":{"a":0,"k":0,"ix":6},"sa":{"a":0,"k":0,"ix":5},"o":{"a":0,"k":100,"ix":7}}]},{"ty":"gr","bm":0,"hd":false,"mn":"ADBE Vector Group","nm":"Polygon 8 Fill","ix":2,"cix":2,"np":2,"it":[{"ty":"sh","bm":0,"hd":false,"mn":"ADBE Vector Shape - Group","nm":"Path 1","ix":1,"d":1,"ks":{"a":0,"k":{"c":true,"i":[[-0.992,2.102],[-2.525,-5.35],[0,0],[-2.296,-0.356],[0,0],[3.961,-4.076],[0,0],[-0.352,-2.183],[0,0],[5.108,2.809],[0,0],[2.1,-1.155],[0,0],[-0.927,5.756],[0,0],[1.541,1.586],[0,0],[-5.617,0.871],[0,0],[-0.992,2.102]],"o":[[2.525,-5.35],[0,0],[0.992,2.102],[0,0],[5.617,0.871],[0,0],[-1.541,1.586],[0,0],[0.927,5.756],[0,0],[-2.1,-1.155],[0,0],[-5.108,2.809],[0,0],[0.352,-2.183],[0,0],[-3.961,-4.076],[0,0],[2.296,-0.356],[0,0]],"v":[[34.338,13.415],[46.999,13.415],[51.69,23.356],[56.948,27.286],[67.947,28.992],[71.895,40.787],[63.517,49.411],[61.627,55.401],[63.524,67.181],[53.24,74.428],[44.042,69.37],[37.296,69.37],[28.098,74.428],[17.814,67.181],[19.711,55.401],[17.821,49.411],[9.442,40.787],[13.39,28.992],[24.389,27.286],[29.647,23.356]]},"ix":2}},{"ty":"fl","bm":0,"hd":false,"mn":"ADBE Vector Graphic - Fill","nm":"Fill 1","c":{"a":0,"k":[0.1647,0.2157,0.3843],"ix":4},"r":1,"o":{"a":0,"k":100,"ix":5}},{"ty":"tr","a":{"a":0,"k":[0,0],"ix":1},"s":{"a":0,"k":[100,100],"ix":3},"sk":{"a":0,"k":0,"ix":4},"p":{"a":0,"k":[0,0],"ix":2},"r":{"a":0,"k":0,"ix":6},"sa":{"a":0,"k":0,"ix":5},"o":{"a":0,"k":100,"ix":7}}]}],"ind":4},{"ty":4,"nm":"Polygon 7","sr":1,"st":0,"op":3600,"ip":0,"hd":false,"ddd":0,"bm":0,"hasMask":false,"ao":0,"ks":{"a":{"a":0,"k":[41,40.5,0],"ix":1},"s":{"a":0,"k":[100,100,100],"ix":6},"sk":{"a":0,"k":0},"p":{"a":1,"k":[{"o":{"x":0.333,"y":0},"i":{"x":0.667,"y":1},"s":[289.551,298,0],"t":-2,"ti":[31.509,1.333,0],"to":[-31.509,-1.333,0]},{"o":{"x":0.333,"y":0.333},"i":{"x":0.667,"y":0.667},"s":[100.5,290,0],"t":36,"ti":[0,0,0],"to":[0,0,0]},{"o":{"x":0.333,"y":0},"i":{"x":0.833,"y":1},"s":[100.5,290,0],"t":74,"ti":[-31.509,-1.333,0],"to":[31.509,1.333,0]},{"s":[289.551,298,0],"t":103}],"ix":2},"r":{"a":0,"k":270,"ix":10},"sa":{"a":0,"k":0},"o":{"a":0,"k":100,"ix":11}},"ef":[],"shapes":[{"ty":"gr","bm":0,"hd":false,"mn":"ADBE Vector Group","nm":"Polygon 7 Stroke","ix":1,"cix":2,"np":3,"it":[{"ty":"sh","bm":0,"hd":false,"mn":"ADBE Vector Shape - Group","nm":"Path 1","ix":1,"d":1,"ks":{"a":0,"k":{"c":true,"i":[[-0.999,2.09],[-2.537,-5.31],[0,0],[-2.29,-0.351],[0,0],[4.003,-4.07],[0,0],[-0.359,-2.202],[0,0],[5.113,2.778],[0,0],[2.084,-1.132],[0,0],[-0.936,5.743],[0,0],[1.565,1.591],[0,0],[-5.643,0.864],[0,0],[-0.999,2.09]],"o":[[2.537,-5.31],[0,0],[0.999,2.09],[0,0],[5.643,0.864],[0,0],[-1.565,1.591],[0,0],[0.936,5.743],[0,0],[-2.084,-1.132],[0,0],[-5.113,2.778],[0,0],[0.359,-2.202],[0,0],[-4.003,-4.07],[0,0],[2.29,-0.351],[0,0]],"v":[[34.684,13.222],[47.316,13.222],[52.114,23.265],[57.37,27.167],[68.474,28.867],[72.405,40.695],[64.055,49.185],[62.136,55.22],[64.042,66.906],[53.791,74.184],[44.341,69.05],[37.659,69.05],[28.209,74.184],[17.958,66.906],[19.864,55.22],[17.945,49.185],[9.595,40.695],[13.526,28.867],[24.63,27.167],[29.886,23.265]]},"ix":2}},{"ty":"op","bm":0,"hd":false,"mn":"ADBE Vector Filter - Offset","nm":"Offset Paths 1","ix":3,"a":{"a":0,"k":-0.5,"ix":1},"lj":1,"ml":{"a":0,"k":4,"ix":3}},{"ty":"tr","a":{"a":0,"k":[0,0],"ix":1},"s":{"a":0,"k":[100,100],"ix":3},"sk":{"a":0,"k":0,"ix":4},"p":{"a":0,"k":[0,0],"ix":2},"r":{"a":0,"k":0,"ix":6},"sa":{"a":0,"k":0,"ix":5},"o":{"a":0,"k":100,"ix":7}}]},{"ty":"gr","bm":0,"hd":false,"mn":"ADBE Vector Group","nm":"Polygon 7 Fill","ix":2,"cix":2,"np":2,"it":[{"ty":"sh","bm":0,"hd":false,"mn":"ADBE Vector Shape - Group","nm":"Path 1","ix":1,"d":1,"ks":{"a":0,"k":{"c":true,"i":[[-0.999,2.09],[-2.537,-5.31],[0,0],[-2.29,-0.351],[0,0],[4.003,-4.07],[0,0],[-0.359,-2.202],[0,0],[5.113,2.778],[0,0],[2.084,-1.132],[0,0],[-0.936,5.743],[0,0],[1.565,1.591],[0,0],[-5.643,0.864],[0,0],[-0.999,2.09]],"o":[[2.537,-5.31],[0,0],[0.999,2.09],[0,0],[5.643,0.864],[0,0],[-1.565,1.591],[0,0],[0.936,5.743],[0,0],[-2.084,-1.132],[0,0],[-5.113,2.778],[0,0],[0.359,-2.202],[0,0],[-4.003,-4.07],[0,0],[2.29,-0.351],[0,0]],"v":[[34.684,13.222],[47.316,13.222],[52.114,23.265],[57.37,27.167],[68.474,28.867],[72.405,40.695],[64.055,49.185],[62.136,55.22],[64.042,66.906],[53.791,74.184],[44.341,69.05],[37.659,69.05],[28.209,74.184],[17.958,66.906],[19.864,55.22],[17.945,49.185],[9.595,40.695],[13.526,28.867],[24.63,27.167],[29.886,23.265]]},"ix":2}},{"ty":"fl","bm":0,"hd":false,"mn":"ADBE Vector Graphic - Fill","nm":"Fill 1","c":{"a":0,"k":[0.1647,0.2157,0.3843],"ix":4},"r":1,"o":{"a":0,"k":100,"ix":5}},{"ty":"tr","a":{"a":0,"k":[0,0],"ix":1},"s":{"a":0,"k":[100,100],"ix":3},"sk":{"a":0,"k":0,"ix":4},"p":{"a":0,"k":[0,0],"ix":2},"r":{"a":0,"k":0,"ix":6},"sa":{"a":0,"k":0,"ix":5},"o":{"a":0,"k":100,"ix":7}}]}],"ind":5},{"ty":4,"nm":"Polygon 6","sr":1,"st":0,"op":3600,"ip":0,"hd":false,"ddd":0,"bm":0,"hasMask":false,"ao":0,"ks":{"a":{"a":0,"k":[41,40.5,0],"ix":1},"s":{"a":0,"k":[100,100,100],"ix":6},"sk":{"a":0,"k":0},"p":{"a":1,"k":[{"o":{"x":0.333,"y":0},"i":{"x":0.667,"y":1},"s":[289.551,298,0],"t":0,"ti":[-31.658,1.333,0],"to":[31.658,-1.333,0]},{"o":{"x":0.333,"y":0.333},"i":{"x":0.667,"y":0.667},"s":[479.5,290,0],"t":36,"ti":[0,0,0],"to":[0,0,0]},{"o":{"x":0.333,"y":0},"i":{"x":0.667,"y":1},"s":[479.5,290,0],"t":74,"ti":[31.658,-1.333,0],"to":[-31.658,1.333,0]},{"s":[289.551,298,0],"t":103}],"ix":2},"r":{"a":0,"k":90,"ix":10},"sa":{"a":0,"k":0},"o":{"a":0,"k":100,"ix":11}},"ef":[],"shapes":[{"ty":"gr","bm":0,"hd":false,"mn":"ADBE Vector Group","nm":"Polygon 6 Stroke","ix":1,"cix":2,"np":3,"it":[{"ty":"sh","bm":0,"hd":false,"mn":"ADBE Vector Shape - Group","nm":"Path 1","ix":1,"d":1,"ks":{"a":0,"k":{"c":true,"i":[[-0.999,2.09],[-2.537,-5.31],[0,0],[-2.29,-0.351],[0,0],[4.003,-4.07],[0,0],[-0.359,-2.202],[0,0],[5.113,2.778],[0,0],[2.084,-1.132],[0,0],[-0.936,5.743],[0,0],[1.565,1.591],[0,0],[-5.643,0.864],[0,0],[-0.999,2.09]],"o":[[2.537,-5.31],[0,0],[0.999,2.09],[0,0],[5.643,0.864],[0,0],[-1.565,1.591],[0,0],[0.936,5.743],[0,0],[-2.084,-1.132],[0,0],[-5.113,2.778],[0,0],[0.359,-2.202],[0,0],[-4.003,-4.07],[0,0],[2.29,-0.351],[0,0]],"v":[[34.684,13.222],[47.316,13.222],[52.114,23.265],[57.37,27.167],[68.474,28.867],[72.405,40.695],[64.055,49.185],[62.136,55.22],[64.042,66.906],[53.791,74.184],[44.341,69.05],[37.659,69.05],[28.209,74.184],[17.958,66.906],[19.864,55.22],[17.945,49.185],[9.595,40.695],[13.526,28.867],[24.63,27.167],[29.886,23.265]]},"ix":2}},{"ty":"op","bm":0,"hd":false,"mn":"ADBE Vector Filter - Offset","nm":"Offset Paths 1","ix":3,"a":{"a":0,"k":-0.5,"ix":1},"lj":1,"ml":{"a":0,"k":4,"ix":3}},{"ty":"tr","a":{"a":0,"k":[0,0],"ix":1},"s":{"a":0,"k":[100,100],"ix":3},"sk":{"a":0,"k":0,"ix":4},"p":{"a":0,"k":[0,0],"ix":2},"r":{"a":0,"k":0,"ix":6},"sa":{"a":0,"k":0,"ix":5},"o":{"a":0,"k":100,"ix":7}}]},{"ty":"gr","bm":0,"hd":false,"mn":"ADBE Vector Group","nm":"Polygon 6 Fill","ix":2,"cix":2,"np":2,"it":[{"ty":"sh","bm":0,"hd":false,"mn":"ADBE Vector Shape - Group","nm":"Path 1","ix":1,"d":1,"ks":{"a":0,"k":{"c":true,"i":[[-0.999,2.09],[-2.537,-5.31],[0,0],[-2.29,-0.351],[0,0],[4.003,-4.07],[0,0],[-0.359,-2.202],[0,0],[5.113,2.778],[0,0],[2.084,-1.132],[0,0],[-0.936,5.743],[0,0],[1.565,1.591],[0,0],[-5.643,0.864],[0,0],[-0.999,2.09]],"o":[[2.537,-5.31],[0,0],[0.999,2.09],[0,0],[5.643,0.864],[0,0],[-1.565,1.591],[0,0],[0.936,5.743],[0,0],[-2.084,-1.132],[0,0],[-5.113,2.778],[0,0],[0.359,-2.202],[0,0],[-4.003,-4.07],[0,0],[2.29,-0.351],[0,0]],"v":[[34.684,13.222],[47.316,13.222],[52.114,23.265],[57.37,27.167],[68.474,28.867],[72.405,40.695],[64.055,49.185],[62.136,55.22],[64.042,66.906],[53.791,74.184],[44.341,69.05],[37.659,69.05],[28.209,74.184],[17.958,66.906],[19.864,55.22],[17.945,49.185],[9.595,40.695],[13.526,28.867],[24.63,27.167],[29.886,23.265]]},"ix":2}},{"ty":"fl","bm":0,"hd":false,"mn":"ADBE Vector Graphic - Fill","nm":"Fill 1","c":{"a":0,"k":[0.1647,0.2157,0.3843],"ix":4},"r":1,"o":{"a":0,"k":100,"ix":5}},{"ty":"tr","a":{"a":0,"k":[0,0],"ix":1},"s":{"a":0,"k":[100,100],"ix":3},"sk":{"a":0,"k":0,"ix":4},"p":{"a":0,"k":[0,0],"ix":2},"r":{"a":0,"k":0,"ix":6},"sa":{"a":0,"k":0,"ix":5},"o":{"a":0,"k":100,"ix":7}}]}],"ind":6},{"ty":4,"nm":"Polygon 5","sr":1,"st":0,"op":3600,"ip":0,"hd":false,"ddd":0,"bm":0,"hasMask":false,"ao":0,"ks":{"a":{"a":0,"k":[41,40.5,0],"ix":1},"s":{"a":0,"k":[100,100,100],"ix":6},"sk":{"a":0,"k":0},"p":{"a":1,"k":[{"o":{"x":0.333,"y":0},"i":{"x":0.667,"y":1},"s":[290,296.5,0],"t":-1,"ti":[0,-30.5,0],"to":[0,30.5,0]},{"o":{"x":0.333,"y":0.333},"i":{"x":0.667,"y":0.667},"s":[290,479.5,0],"t":36,"ti":[0,0,0],"to":[0,0,0]},{"o":{"x":0.333,"y":0},"i":{"x":0.833,"y":1},"s":[290,479.5,0],"t":74,"ti":[0,30.5,0],"to":[0,-30.5,0]},{"s":[290,296.5,0],"t":103}],"ix":2},"r":{"a":0,"k":180,"ix":10},"sa":{"a":0,"k":0},"o":{"a":0,"k":100,"ix":11}},"ef":[],"shapes":[{"ty":"gr","bm":0,"hd":false,"mn":"ADBE Vector Group","nm":"Polygon 5 Stroke","ix":1,"cix":2,"np":3,"it":[{"ty":"sh","bm":0,"hd":false,"mn":"ADBE Vector Shape - Group","nm":"Path 1","ix":1,"d":1,"ks":{"a":0,"k":{"c":true,"i":[[-0.999,2.09],[-2.537,-5.31],[0,0],[-2.29,-0.351],[0,0],[4.003,-4.07],[0,0],[-0.359,-2.202],[0,0],[5.113,2.778],[0,0],[2.084,-1.132],[0,0],[-0.936,5.743],[0,0],[1.565,1.591],[0,0],[-5.643,0.864],[0,0],[-0.999,2.09]],"o":[[2.537,-5.31],[0,0],[0.999,2.09],[0,0],[5.643,0.864],[0,0],[-1.565,1.591],[0,0],[0.936,5.743],[0,0],[-2.084,-1.132],[0,0],[-5.113,2.778],[0,0],[0.359,-2.202],[0,0],[-4.003,-4.07],[0,0],[2.29,-0.351],[0,0]],"v":[[34.684,13.222],[47.316,13.222],[52.114,23.265],[57.37,27.167],[68.474,28.867],[72.405,40.695],[64.055,49.185],[62.136,55.22],[64.042,66.906],[53.791,74.184],[44.341,69.05],[37.659,69.05],[28.209,74.184],[17.958,66.906],[19.864,55.22],[17.945,49.185],[9.595,40.695],[13.526,28.867],[24.63,27.167],[29.886,23.265]]},"ix":2}},{"ty":"op","bm":0,"hd":false,"mn":"ADBE Vector Filter - Offset","nm":"Offset Paths 1","ix":3,"a":{"a":0,"k":-0.5,"ix":1},"lj":1,"ml":{"a":0,"k":4,"ix":3}},{"ty":"tr","a":{"a":0,"k":[0,0],"ix":1},"s":{"a":0,"k":[100,100],"ix":3},"sk":{"a":0,"k":0,"ix":4},"p":{"a":0,"k":[0,0],"ix":2},"r":{"a":0,"k":0,"ix":6},"sa":{"a":0,"k":0,"ix":5},"o":{"a":0,"k":100,"ix":7}}]},{"ty":"gr","bm":0,"hd":false,"mn":"ADBE Vector Group","nm":"Polygon 5 Fill","ix":2,"cix":2,"np":2,"it":[{"ty":"sh","bm":0,"hd":false,"mn":"ADBE Vector Shape - Group","nm":"Path 1","ix":1,"d":1,"ks":{"a":0,"k":{"c":true,"i":[[-0.999,2.09],[-2.537,-5.31],[0,0],[-2.29,-0.351],[0,0],[4.003,-4.07],[0,0],[-0.359,-2.202],[0,0],[5.113,2.778],[0,0],[2.084,-1.132],[0,0],[-0.936,5.743],[0,0],[1.565,1.591],[0,0],[-5.643,0.864],[0,0],[-0.999,2.09]],"o":[[2.537,-5.31],[0,0],[0.999,2.09],[0,0],[5.643,0.864],[0,0],[-1.565,1.591],[0,0],[0.936,5.743],[0,0],[-2.084,-1.132],[0,0],[-5.113,2.778],[0,0],[0.359,-2.202],[0,0],[-4.003,-4.07],[0,0],[2.29,-0.351],[0,0]],"v":[[34.684,13.222],[47.316,13.222],[52.114,23.265],[57.37,27.167],[68.474,28.867],[72.405,40.695],[64.055,49.185],[62.136,55.22],[64.042,66.906],[53.791,74.184],[44.341,69.05],[37.659,69.05],[28.209,74.184],[17.958,66.906],[19.864,55.22],[17.945,49.185],[9.595,40.695],[13.526,28.867],[24.63,27.167],[29.886,23.265]]},"ix":2}},{"ty":"fl","bm":0,"hd":false,"mn":"ADBE Vector Graphic - Fill","nm":"Fill 1","c":{"a":0,"k":[0.1647,0.2157,0.3843],"ix":4},"r":1,"o":{"a":0,"k":100,"ix":5}},{"ty":"tr","a":{"a":0,"k":[0,0],"ix":1},"s":{"a":0,"k":[100,100],"ix":3},"sk":{"a":0,"k":0,"ix":4},"p":{"a":0,"k":[0,0],"ix":2},"r":{"a":0,"k":0,"ix":6},"sa":{"a":0,"k":0,"ix":5},"o":{"a":0,"k":100,"ix":7}}]}],"ind":7},{"ty":4,"nm":"Polygon 4","sr":1,"st":0,"op":3600,"ip":0,"hd":false,"ddd":0,"bm":0,"hasMask":false,"ao":0,"ks":{"a":{"a":0,"k":[41,40.5,0],"ix":1},"s":{"a":0,"k":[100,100,100],"ix":6},"sk":{"a":0,"k":0},"p":{"a":1,"k":[{"o":{"x":0.333,"y":0},"i":{"x":0.667,"y":1},"s":[290,296.5,0],"t":-1,"ti":[0,32.667,0],"to":[0,-32.667,0]},{"o":{"x":0.333,"y":0.333},"i":{"x":0.667,"y":0.667},"s":[290,100.5,0],"t":36,"ti":[0,0,0],"to":[0,0,0]},{"o":{"x":0.333,"y":0},"i":{"x":0.833,"y":1},"s":[290,100.5,0],"t":74,"ti":[0,-32.667,0],"to":[0,32.667,0]},{"s":[290,296.5,0],"t":103}],"ix":2},"r":{"a":0,"k":0,"ix":10},"sa":{"a":0,"k":0},"o":{"a":0,"k":100,"ix":11}},"ef":[],"shapes":[{"ty":"gr","bm":0,"hd":false,"mn":"ADBE Vector Group","nm":"Polygon 4 Stroke","ix":1,"cix":2,"np":3,"it":[{"ty":"sh","bm":0,"hd":false,"mn":"ADBE Vector Shape - Group","nm":"Path 1","ix":1,"d":1,"ks":{"a":0,"k":{"c":true,"i":[[-0.999,2.09],[-2.537,-5.31],[0,0],[-2.29,-0.351],[0,0],[4.003,-4.07],[0,0],[-0.359,-2.202],[0,0],[5.113,2.778],[0,0],[2.084,-1.132],[0,0],[-0.936,5.743],[0,0],[1.565,1.591],[0,0],[-5.643,0.864],[0,0],[-0.999,2.09]],"o":[[2.537,-5.31],[0,0],[0.999,2.09],[0,0],[5.643,0.864],[0,0],[-1.565,1.591],[0,0],[0.936,5.743],[0,0],[-2.084,-1.132],[0,0],[-5.113,2.778],[0,0],[0.359,-2.202],[0,0],[-4.003,-4.07],[0,0],[2.29,-0.351],[0,0]],"v":[[34.684,13.222],[47.316,13.222],[52.114,23.265],[57.37,27.167],[68.474,28.867],[72.405,40.695],[64.055,49.185],[62.136,55.22],[64.042,66.906],[53.791,74.184],[44.341,69.05],[37.659,69.05],[28.209,74.184],[17.958,66.906],[19.864,55.22],[17.945,49.185],[9.595,40.695],[13.526,28.867],[24.63,27.167],[29.886,23.265]]},"ix":2}},{"ty":"op","bm":0,"hd":false,"mn":"ADBE Vector Filter - Offset","nm":"Offset Paths 1","ix":3,"a":{"a":0,"k":-0.5,"ix":1},"lj":1,"ml":{"a":0,"k":4,"ix":3}},{"ty":"tr","a":{"a":0,"k":[0,0],"ix":1},"s":{"a":0,"k":[100,100],"ix":3},"sk":{"a":0,"k":0,"ix":4},"p":{"a":0,"k":[0,0],"ix":2},"r":{"a":0,"k":0,"ix":6},"sa":{"a":0,"k":0,"ix":5},"o":{"a":0,"k":100,"ix":7}}]},{"ty":"gr","bm":0,"hd":false,"mn":"ADBE Vector Group","nm":"Polygon 4 Fill","ix":2,"cix":2,"np":2,"it":[{"ty":"sh","bm":0,"hd":false,"mn":"ADBE Vector Shape - Group","nm":"Path 1","ix":1,"d":1,"ks":{"a":0,"k":{"c":true,"i":[[-0.999,2.09],[-2.537,-5.31],[0,0],[-2.29,-0.351],[0,0],[4.003,-4.07],[0,0],[-0.359,-2.202],[0,0],[5.113,2.778],[0,0],[2.084,-1.132],[0,0],[-0.936,5.743],[0,0],[1.565,1.591],[0,0],[-5.643,0.864],[0,0],[-0.999,2.09]],"o":[[2.537,-5.31],[0,0],[0.999,2.09],[0,0],[5.643,0.864],[0,0],[-1.565,1.591],[0,0],[0.936,5.743],[0,0],[-2.084,-1.132],[0,0],[-5.113,2.778],[0,0],[0.359,-2.202],[0,0],[-4.003,-4.07],[0,0],[2.29,-0.351],[0,0]],"v":[[34.684,13.222],[47.316,13.222],[52.114,23.265],[57.37,27.167],[68.474,28.867],[72.405,40.695],[64.055,49.185],[62.136,55.22],[64.042,66.906],[53.791,74.184],[44.341,69.05],[37.659,69.05],[28.209,74.184],[17.958,66.906],[19.864,55.22],[17.945,49.185],[9.595,40.695],[13.526,28.867],[24.63,27.167],[29.886,23.265]]},"ix":2}},{"ty":"fl","bm":0,"hd":false,"mn":"ADBE Vector Graphic - Fill","nm":"Fill 1","c":{"a":0,"k":[0.1647,0.2157,0.3843],"ix":4},"r":1,"o":{"a":0,"k":100,"ix":5}},{"ty":"tr","a":{"a":0,"k":[0,0],"ix":1},"s":{"a":0,"k":[100,100],"ix":3},"sk":{"a":0,"k":0,"ix":4},"p":{"a":0,"k":[0,0],"ix":2},"r":{"a":0,"k":0,"ix":6},"sa":{"a":0,"k":0,"ix":5},"o":{"a":0,"k":100,"ix":7}}]}],"ind":8}]}]}